,GENBANK_REFERENCE,CATALOGUE_NAME,CATALOGUE_VERSION,CATALOGUE_GRAMMAR,PREDICTION_VALUES,DRUG,MUTATION,PREDICTION,SOURCE,EVIDENCE,OTHER
,NC_000962.3,WHO-UCN-GTB-PCI-2021.7,1.0,GARC1,RUS,RIF,rpoB@L430P,R,{},{},{}
,NC_000962.3,WHO-UCN-GTB-PCI-2021.7,1.0,GARC1,RUS,RIF,rpoB@H445N,R,{},{},{}
,NC_000962.3,WHO-UCN-GTB-PCI-2021.7,1.0,GARC1,RUS,RIF,rpoB@S428?,R,{},{},{}
,NC_000962.3,WHO-UCN-GTB-PCI-2021.7,1.0,GARC1,RUS,RIF,rpoB@Q429?,R,{},{},{}
,NC_000962.3,WHO-UCN-GTB-PCI-2021.7,1.0,GARC1,RUS,RIF,rpoB@L430?,R,{},{},{}
,NC_000962.3,WHO-UCN-GTB-PCI-2021.7,1.0,GARC1,RUS,RIF,rpoB@S431?,R,{},{},{}
,NC_000962.3,WHO-UCN-GTB-PCI-2021.7,1.0,GARC1,RUS,RIF,rpoB@Q432?,R,{},{},{}
,NC_000962.3,WHO-UCN-GTB-PCI-2021.7,1.0,GARC1,RUS,RIF,rpoB@F433?,R,{},{},{}
,NC_000962.3,WHO-UCN-GTB-PCI-2021.7,1.0,GARC1,RUS,RIF,rpoB@M434?,R,{},{},{}
,NC_000962.3,WHO-UCN-GTB-PCI-2021.7,1.0,GARC1,RUS,RIF,rpoB@D435?,R,{},{},{}
,NC_000962.3,WHO-UCN-GTB-PCI-2021.7,1.0,GARC1,RUS,RIF,rpoB@Q436?,R,{},{},{}
,NC_000962.3,WHO-UCN-GTB-PCI-2021.7,1.0,GARC1,RUS,RIF,rpoB@N437?,R,{},{},{}
,NC_000962.3,WHO-UCN-GTB-PCI-2021.7,1.0,GARC1,RUS,RIF,rpoB@N438?,R,{},{},{}
,NC_000962.3,WHO-UCN-GTB-PCI-2021.7,1.0,GARC1,RUS,RIF,rpoB@P439?,R,{},{},{}
,NC_000962.3,WHO-UCN-GTB-PCI-2021.7,1.0,GARC1,RUS,RIF,rpoB@L440?,R,{},{},{}
,NC_000962.3,WHO-UCN-GTB-PCI-2021.7,1.0,GARC1,RUS,RIF,rpoB@S441?,R,{},{},{}
,NC_000962.3,WHO-UCN-GTB-PCI-2021.7,1.0,GARC1,RUS,RIF,rpoB@G442?,R,{},{},{}
,NC_000962.3,WHO-UCN-GTB-PCI-2021.7,1.0,GARC1,RUS,RIF,rpoB@L443?,R,{},{},{}
,NC_000962.3,WHO-UCN-GTB-PCI-2021.7,1.0,GARC1,RUS,RIF,rpoB@T444?,R,{},{},{}
,NC_000962.3,WHO-UCN-GTB-PCI-2021.7,1.0,GARC1,RUS,RIF,rpoB@H445?,R,{},{},{}
,NC_000962.3,WHO-UCN-GTB-PCI-2021.7,1.0,GARC1,RUS,RIF,rpoB@K446?,R,{},{},{}
,NC_000962.3,WHO-UCN-GTB-PCI-2021.7,1.0,GARC1,RUS,RIF,rpoB@R447?,R,{},{},{}
,NC_000962.3,WHO-UCN-GTB-PCI-2021.7,1.0,GARC1,RUS,RIF,rpoB@R448?,R,{},{},{}
,NC_000962.3,WHO-UCN-GTB-PCI-2021.7,1.0,GARC1,RUS,RIF,rpoB@L449?,R,{},{},{}
,NC_000962.3,WHO-UCN-GTB-PCI-2021.7,1.0,GARC1,RUS,RIF,rpoB@S450?,R,{},{},{}
,NC_000962.3,WHO-UCN-GTB-PCI-2021.7,1.0,GARC1,RUS,RIF,rpoB@A451?,R,{},{},{}
,NC_000962.3,WHO-UCN-GTB-PCI-2021.7,1.0,GARC1,RUS,RIF,rpoB@L452?,R,{},{},{} 
,NC_000962.3,WHO-UCN-GTB-PCI-2021.7,1.0,GARC1,RUS,RIF,rpoB@1282_indel,R,{},{},{}
,NC_000962.3,WHO-UCN-GTB-PCI-2021.7,1.0,GARC1,RUS,RIF,rpoB@1283_indel,R,{},{},{}
,NC_000962.3,WHO-UCN-GTB-PCI-2021.7,1.0,GARC1,RUS,RIF,rpoB@1284_indel,R,{},{},{}
,NC_000962.3,WHO-UCN-GTB-PCI-2021.7,1.0,GARC1,RUS,RIF,rpoB@1285_indel,R,{},{},{}
,NC_000962.3,WHO-UCN-GTB-PCI-2021.7,1.0,GARC1,RUS,RIF,rpoB@1286_indel,R,{},{},{}
,NC_000962.3,WHO-UCN-GTB-PCI-2021.7,1.0,GARC1,RUS,RIF,rpoB@1287_indel,R,{},{},{}
,NC_000962.3,WHO-UCN-GTB-PCI-2021.7,1.0,GARC1,RUS,RIF,rpoB@1288_indel,R,{},{},{}
,NC_000962.3,WHO-UCN-GTB-PCI-2021.7,1.0,GARC1,RUS,RIF,rpoB@1289_indel,R,{},{},{}
,NC_000962.3,WHO-UCN-GTB-PCI-2021.7,1.0,GARC1,RUS,RIF,rpoB@1290_indel,R,{},{},{}
,NC_000962.3,WHO-UCN-GTB-PCI-2021.7,1.0,GARC1,RUS,RIF,rpoB@1291_indel,R,{},{},{}
,NC_000962.3,WHO-UCN-GTB-PCI-2021.7,1.0,GARC1,RUS,RIF,rpoB@1292_indel,R,{},{},{}
,NC_000962.3,WHO-UCN-GTB-PCI-2021.7,1.0,GARC1,RUS,RIF,rpoB@1293_indel,R,{},{},{}
,NC_000962.3,WHO-UCN-GTB-PCI-2021.7,1.0,GARC1,RUS,RIF,rpoB@1294_indel,R,{},{},{}
,NC_000962.3,WHO-UCN-GTB-PCI-2021.7,1.0,GARC1,RUS,RIF,rpoB@1295_indel,R,{},{},{}
,NC_000962.3,WHO-UCN-GTB-PCI-2021.7,1.0,GARC1,RUS,RIF,rpoB@1296_indel,R,{},{},{}
,NC_000962.3,WHO-UCN-GTB-PCI-2021.7,1.0,GARC1,RUS,RIF,rpoB@1297_indel,R,{},{},{}
,NC_000962.3,WHO-UCN-GTB-PCI-2021.7,1.0,GARC1,RUS,RIF,rpoB@1298_indel,R,{},{},{}
,NC_000962.3,WHO-UCN-GTB-PCI-2021.7,1.0,GARC1,RUS,RIF,rpoB@1299_indel,R,{},{},{}
,NC_000962.3,WHO-UCN-GTB-PCI-2021.7,1.0,GARC1,RUS,RIF,rpoB@1300_indel,R,{},{},{}
,NC_000962.3,WHO-UCN-GTB-PCI-2021.7,1.0,GARC1,RUS,RIF,rpoB@1301_indel,R,{},{},{}
,NC_000962.3,WHO-UCN-GTB-PCI-2021.7,1.0,GARC1,RUS,RIF,rpoB@1302_indel,R,{},{},{}
,NC_000962.3,WHO-UCN-GTB-PCI-2021.7,1.0,GARC1,RUS,RIF,rpoB@1303_indel,R,{},{},{}
,NC_000962.3,WHO-UCN-GTB-PCI-2021.7,1.0,GARC1,RUS,RIF,rpoB@1304_indel,R,{},{},{}
,NC_000962.3,WHO-UCN-GTB-PCI-2021.7,1.0,GARC1,RUS,RIF,rpoB@1305_indel,R,{},{},{}
,NC_000962.3,WHO-UCN-GTB-PCI-2021.7,1.0,GARC1,RUS,RIF,rpoB@1306_indel,R,{},{},{}
,NC_000962.3,WHO-UCN-GTB-PCI-2021.7,1.0,GARC1,RUS,RIF,rpoB@1307_indel,R,{},{},{}
,NC_000962.3,WHO-UCN-GTB-PCI-2021.7,1.0,GARC1,RUS,RIF,rpoB@1308_indel,R,{},{},{}
,NC_000962.3,WHO-UCN-GTB-PCI-2021.7,1.0,GARC1,RUS,RIF,rpoB@1309_indel,R,{},{},{}
,NC_000962.3,WHO-UCN-GTB-PCI-2021.7,1.0,GARC1,RUS,RIF,rpoB@1310_indel,R,{},{},{}
,NC_000962.3,WHO-UCN-GTB-PCI-2021.7,1.0,GARC1,RUS,RIF,rpoB@1311_indel,R,{},{},{}
,NC_000962.3,WHO-UCN-GTB-PCI-2021.7,1.0,GARC1,RUS,RIF,rpoB@1312_indel,R,{},{},{}
,NC_000962.3,WHO-UCN-GTB-PCI-2021.7,1.0,GARC1,RUS,RIF,rpoB@1313_indel,R,{},{},{}
,NC_000962.3,WHO-UCN-GTB-PCI-2021.7,1.0,GARC1,RUS,RIF,rpoB@1314_indel,R,{},{},{}
,NC_000962.3,WHO-UCN-GTB-PCI-2021.7,1.0,GARC1,RUS,RIF,rpoB@1315_indel,R,{},{},{}
,NC_000962.3,WHO-UCN-GTB-PCI-2021.7,1.0,GARC1,RUS,RIF,rpoB@1316_indel,R,{},{},{}
,NC_000962.3,WHO-UCN-GTB-PCI-2021.7,1.0,GARC1,RUS,RIF,rpoB@1317_indel,R,{},{},{}
,NC_000962.3,WHO-UCN-GTB-PCI-2021.7,1.0,GARC1,RUS,RIF,rpoB@1318_indel,R,{},{},{}
,NC_000962.3,WHO-UCN-GTB-PCI-2021.7,1.0,GARC1,RUS,RIF,rpoB@1319_indel,R,{},{},{}
,NC_000962.3,WHO-UCN-GTB-PCI-2021.7,1.0,GARC1,RUS,RIF,rpoB@1320_indel,R,{},{},{}
,NC_000962.3,WHO-UCN-GTB-PCI-2021.7,1.0,GARC1,RUS,RIF,rpoB@1321_indel,R,{},{},{}
,NC_000962.3,WHO-UCN-GTB-PCI-2021.7,1.0,GARC1,RUS,RIF,rpoB@1322_indel,R,{},{},{}
,NC_000962.3,WHO-UCN-GTB-PCI-2021.7,1.0,GARC1,RUS,RIF,rpoB@1323_indel,R,{},{},{}
,NC_000962.3,WHO-UCN-GTB-PCI-2021.7,1.0,GARC1,RUS,RIF,rpoB@1324_indel,R,{},{},{}
,NC_000962.3,WHO-UCN-GTB-PCI-2021.7,1.0,GARC1,RUS,RIF,rpoB@1325_indel,R,{},{},{}
,NC_000962.3,WHO-UCN-GTB-PCI-2021.7,1.0,GARC1,RUS,RIF,rpoB@1326_indel,R,{},{},{}
,NC_000962.3,WHO-UCN-GTB-PCI-2021.7,1.0,GARC1,RUS,RIF,rpoB@1327_indel,R,{},{},{}
,NC_000962.3,WHO-UCN-GTB-PCI-2021.7,1.0,GARC1,RUS,RIF,rpoB@1328_indel,R,{},{},{}
,NC_000962.3,WHO-UCN-GTB-PCI-2021.7,1.0,GARC1,RUS,RIF,rpoB@1329_indel,R,{},{},{}
,NC_000962.3,WHO-UCN-GTB-PCI-2021.7,1.0,GARC1,RUS,RIF,rpoB@1330_indel,R,{},{},{}
,NC_000962.3,WHO-UCN-GTB-PCI-2021.7,1.0,GARC1,RUS,RIF,rpoB@1331_indel,R,{},{},{}
,NC_000962.3,WHO-UCN-GTB-PCI-2021.7,1.0,GARC1,RUS,RIF,rpoB@1332_indel,R,{},{},{}
,NC_000962.3,WHO-UCN-GTB-PCI-2021.7,1.0,GARC1,RUS,RIF,rpoB@1333_indel,R,{},{},{}
,NC_000962.3,WHO-UCN-GTB-PCI-2021.7,1.0,GARC1,RUS,RIF,rpoB@1334_indel,R,{},{},{}
,NC_000962.3,WHO-UCN-GTB-PCI-2021.7,1.0,GARC1,RUS,RIF,rpoB@1335_indel,R,{},{},{}
,NC_000962.3,WHO-UCN-GTB-PCI-2021.7,1.0,GARC1,RUS,RIF,rpoB@1336_indel,R,{},{},{}
,NC_000962.3,WHO-UCN-GTB-PCI-2021.7,1.0,GARC1,RUS,RIF,rpoB@1337_indel,R,{},{},{}
,NC_000962.3,WHO-UCN-GTB-PCI-2021.7,1.0,GARC1,RUS,RIF,rpoB@1338_indel,R,{},{},{}
,NC_000962.3,WHO-UCN-GTB-PCI-2021.7,1.0,GARC1,RUS,RIF,rpoB@1339_indel,R,{},{},{}
,NC_000962.3,WHO-UCN-GTB-PCI-2021.7,1.0,GARC1,RUS,RIF,rpoB@1340_indel,R,{},{},{}
,NC_000962.3,WHO-UCN-GTB-PCI-2021.7,1.0,GARC1,RUS,RIF,rpoB@1341_indel,R,{},{},{}
,NC_000962.3,WHO-UCN-GTB-PCI-2021.7,1.0,GARC1,RUS,RIF,rpoB@1342_indel,R,{},{},{}
,NC_000962.3,WHO-UCN-GTB-PCI-2021.7,1.0,GARC1,RUS,RIF,rpoB@1343_indel,R,{},{},{}
,NC_000962.3,WHO-UCN-GTB-PCI-2021.7,1.0,GARC1,RUS,RIF,rpoB@1344_indel,R,{},{},{}
,NC_000962.3,WHO-UCN-GTB-PCI-2021.7,1.0,GARC1,RUS,RIF,rpoB@1345_indel,R,{},{},{}
,NC_000962.3,WHO-UCN-GTB-PCI-2021.7,1.0,GARC1,RUS,RIF,rpoB@1346_indel,R,{},{},{}
,NC_000962.3,WHO-UCN-GTB-PCI-2021.7,1.0,GARC1,RUS,RIF,rpoB@1347_indel,R,{},{},{}
,NC_000962.3,WHO-UCN-GTB-PCI-2021.7,1.0,GARC1,RUS,RIF,rpoB@1348_indel,R,{},{},{}
,NC_000962.3,WHO-UCN-GTB-PCI-2021.7,1.0,GARC1,RUS,RIF,rpoB@1349_indel,R,{},{},{}
,NC_000962.3,WHO-UCN-GTB-PCI-2021.7,1.0,GARC1,RUS,RIF,rpoB@1350_indel,R,{},{},{}
,NC_000962.3,WHO-UCN-GTB-PCI-2021.7,1.0,GARC1,RUS,RIF,rpoB@1351_indel,R,{},{},{}
,NC_000962.3,WHO-UCN-GTB-PCI-2021.7,1.0,GARC1,RUS,RIF,rpoB@1352_indel,R,{},{},{}
,NC_000962.3,WHO-UCN-GTB-PCI-2021.7,1.0,GARC1,RUS,RIF,rpoB@1353_indel,R,{},{},{}
,NC_000962.3,WHO-UCN-GTB-PCI-2021.7,1.0,GARC1,RUS,RIF,rpoB@1354_indel,R,{},{},{}
,NC_000962.3,WHO-UCN-GTB-PCI-2021.7,1.0,GARC1,RUS,RIF,rpoB@1355_indel,R,{},{},{}
,NC_000962.3,WHO-UCN-GTB-PCI-2021.7,1.0,GARC1,RUS,RIF,rpoB@1356_indel,R,{},{},{}
,NC_000962.3,WHO-UCN-GTB-PCI-2021.7,1.0,GARC1,RUS,INH,katG@*!,R,{},{},{}
,NC_000962.3,WHO-UCN-GTB-PCI-2021.7,1.0,GARC1,RUS,INH,katG@*_indel,R,{},{},{}
,NC_000962.3,WHO-UCN-GTB-PCI-2021.7,1.0,GARC1,RUS,PZA,pncA@*!,R,{},{},{}
,NC_000962.3,WHO-UCN-GTB-PCI-2021.7,1.0,GARC1,RUS,PZA,pncA@*_indel,R,{},{},{}
,NC_000962.3,WHO-UCN-GTB-PCI-2021.7,1.0,GARC1,RUS,STM,gid@*!,R,{},{},{}
,NC_000962.3,WHO-UCN-GTB-PCI-2021.7,1.0,GARC1,RUS,STM,gid@*_indel,R,{},{},{}
,NC_000962.3,WHO-UCN-GTB-PCI-2021.7,1.0,GARC1,RUS,ETH,ethA@*!,R,{},{},{}
,NC_000962.3,WHO-UCN-GTB-PCI-2021.7,1.0,GARC1,RUS,ETH,ethA@*_indel,R,{},{},{}
,NC_000962.3,WHO-UCN-GTB-PCI-2021.7,1.0,GARC1,RUS,PZA,pncA@H71D,R,{},{},{}
,NC_000962.3,WHO-UCN-GTB-PCI-2021.7,1.0,GARC1,RUS,PZA,pncA@L116R,R,{},{},{}
,NC_000962.3,WHO-UCN-GTB-PCI-2021.7,1.0,GARC1,RUS,PZA,pncA@T135N,R,{},{},{}
,NC_000962.3,WHO-UCN-GTB-PCI-2021.7,1.0,GARC1,RUS,INH,inhA@T4I,S,{},{},{}
,NC_000962.3,WHO-UCN-GTB-PCI-2021.7,1.0,GARC1,RUS,PZA,pncA@-126_del_c,S,{},{},{}
,NC_000962.3,WHO-UCN-GTB-PCI-2021.7,1.0,GARC1,RUS,EMB,embB@Y813G,S,{},{},{}
,NC_000962.3,WHO-UCN-GTB-PCI-2021.7,1.0,GARC1,RUS,EMB,embB@E951D,S,{},{},{}